{
    "bot-name": "CypherX",
    "description": "CypherX, your friendly assistant!",
    "logo": "https://i.ibb.co/nqsRcKDB/Xploader4.jpg",
    "keywords": [],
    "documentation-link": "https://cypherxbot.vercel.app",
    "owner-verification": "tylor9kid@gmail.com", 
  "env": {
    "SESSION_ID": {
      "description": "Must begin with 'XPLOADER-BOT:~' or 'CYPHER-X:~'.",
      "value": "",
      "required": false
    },
    "BOT_NAME": {
      "description": "The display name of the bot as it will appear in interactions.",
      "value": "CypherX",
      "required": false
    },
    "OWNER_NUMBER": {
      "description": "The primary owner's WhatsApp number, including country code (e.g., 2547XXXXXXXX).",
      "value": "",
      "required": true
    },
  "MENU_IMAGE": {
    "description": "Enter the urls of images that you wish to be set as menu image. Separate with a comma if it's more than 1. Reply to an image using .tourl to get one.",
    "value": "https://example.com/image1.jpg, https://example.com/image2.png",
    "required": false
  },
    "OWNER_NAME": {
      "description": "The name of the primary owner of the bot.",
      "value": "",
      "required": true
    },
    "TIMEZONE": {
      "description": "Timezone for the bot's internal clock (e.g., Africa/Nairobi). Used for time-based functions. Don't change or Google if you don't know!",
      "value": "Africa/Nairobi",
      "required": false
    }
  }
}